3834001/00001,129446
3834001/00002,129447
3834001/00003,129448
3834001/00004,129449
3834001/00005,129450
3834101/00001,129451
3834101/00002,129453
3834101/00003,129454
3834101/00004,129455
3834101/00005,129456
3834101/00006,129457
3834101/00007,129458
3834101/00008,129459
3834101/00009,129460
3834101/00010,129452
3834201/00001,129461
3834201/00002,129462
3834201/00003,129463
3834201/00004,129464
3834201/00005,129465
3834203/00001,129466
3834402/00001,129467
3834402/00002,129468
3834502/00001,129483
3834502/00002,129484
3834502/00003,129485
3834502/00004,129486
3834502/00005,129487
3834502/00006,129488
3834502/00007,131050
3834001/90001,129527
3834001/90002,129528
3834001/90003,129529
3834001/90004,129530
3834001/90005,129531
3834101/90001,129491
3834101/90002,129493
3834101/90003,129494
3834101/90004,129495
3834101/90005,129496
3834101/90006,129497
3834101/90007,129498
3834101/90008,129499
3834101/90009,129500
3834101/90010,129492
3834201/90001,129501
3834201/90002,129502
3834201/90003,129503
3834201/90004,129504
3834201/90005,129505
3834203/90001,129506
3834402/90001,129507
3834402/90002,129508
3834502/90001,129521
3834502/90002,129522
3834502/90003,129523
3834502/90004,129524
3834502/90005,129525
3834502/90006,129526
3834001/80101,129556
3834001/80102,129557
3834001/80103,129558
3834001/80104,129559
3834101/80301,129535
3834101/80302,129536
3834101/80303,129537
3834101/80304,129538
3834101/80305,129539
3834101/80306,129540
3834101/80307,129541
3834101/80308,129542
3834101/80309,129543
3834101/80310,130989
3834201/80101,129545
3834201/80102,129548
3834201/80401,129544
3834201/80402,129546
3834201/80403,129547
3834203/80101,129549
3834402/80101,129550
3834502/80101,129552
3834502/80201,129553
3834502/80202,129555
3834502/80203,129554
3834502/80301,129551
Тест,125872
Тест2,127332
Тест3,131139
3834001/70101,129583
3834001/70102,129584
3834001/70103,129585
3834001/70104,129586
3834101/70301,129561
3834101/70302,129563
3834101/70303,129564
3834101/70304,129565
3834101/70305,129566
3834101/70306,129567
3834101/70307,129568
3834101/70308,129569
3834101/70309,129570
3834101/70310,129562
3834201/70101,129572
3834201/70102,129575
3834201/70401,129571
3834201/70402,129573
3834201/70403,129574
3834201/70404,129577
3834203/70101,129576
3834502/70101,129580
3834502/70102,129582
3834502/70201,129578
3834502/70202,129581
3834502/70301,129579
