3331501/00001,29957
3331501/00002,29958
3331501/00003,29959
3331502/00001,29960
3331504/00001,29961
3331504/00002,29962
3331505/00001,29963
3331505/00002,29964
3331506/00001,29965
3331506/00002,29966
3331506/00003,29967
3332201/00001,29968
3332201/00002,29969
3332202/00001,29970
3332202/00002,29971
3332301/00001,29972
3332302/00001,29973
3332302/00002,29974
3332801/00001,29975
3332904/00001,29976
3331501/90001,30019
3331501/90002,30020
3331501/90003,30021
3331502/90001,30022
3331504/90001,30023
3331504/90002,30024
3331505/90001,30025
3331505/90002,30026
3331506/90001,30027
3331506/90002,30028
3331506/90003,30029
3332201/90001,30030
3332201/90002,30031
3332202/90001,30032
3332202/90002,30033
3332301/90001,30034
3332302/90001,30035
3332302/90002,30036
3332801/90001,30037
3332904/90001,30057
3331501/80101,30080
3331501/80401,30079
3331501/80601,30078
3331502/80201,30081
3331504/80301,30082
3331504/80302,30083
3331505/80101,30084
3331505/80102,30085
3331505/80103,30877
3331506/80101,30086
3331506/80401,30087
3332201/80101,30089
3332201/80501,30088
3332202/81501,30090
3332202/81502,30091
3332301/80101,30092
3332302/80101,30077
3332302/80501,30093
3332801/80101,30094
3332904/80101,30095
3331501/70101,30103
3331501/70401,30105
3331501/70601,30104
3331502/70201,30106
3331504/70301,30107
3331504/70302,30108
3331505/70101,30109
3331505/70102,30110
3331505/70103,30111
3331506/70101,30112
3331506/70401,30113
3332201/70101,30114
3332201/70501,30115
3332202/71501,30116
3332202/71502,30117
3332301/70101,30121
3332302/70101,30123
3332302/70501,30122
3332801/70101,30118
