name,id
3733801/00001,030336
3733801/00002,030339
3733801/00003,030340
3733801/00004,030341
3733801/00005,030342
3733801/00006,030343
3733801/00007,030344
3733801/00008,030345
3733801/00009,030346
3733801/00010,030337
3733801/00011,030338
3733802/00001,030354
3733802/00002,030355
3733802/00003,030356
3733802/00004,030357
3733802/00005,030358
3733802/00006,030359
3733802/00007,030360
3733802/00008,030350
3733802/00009,030351
3733802/00010,030352
3733802/02201,030347
3733802/02601,030348
3733802/02602,030349
3733802/02603,030366
3733802/02604,030871
3733803/00001,030334
3733803/00002,030335
3733803/00003,030367
3733804/00001,030331
3733804/00002,030332
3733804/00003,030333
3733804/00004,030368
3733805/00001,030327
3733805/00002,030328
3733805/00003,030329
3733805/00004,030330
3733805/00005,030369
3733806/00001,030320
3733806/00002,030321
3733806/00003,030322
3733806/00004,030323
3733806/00005,030324
3733806/00006,030353
3733806/00007,030326
3733807/00001,030319
3734301/00001,030361
3734301/00002,030370
3734302/00001,031172
3734302/00002,030363
3734303/00001,030364
3734303/00002,030365
3734303/00003,030371
3734303/00004,030362
3733801/90001,030427
3733801/90002,030433
3733801/90003,030434
3733801/90004,030435
3733801/90005,030436
3733801/90006,030437
3733801/90007,030438
3733801/90008,030439
3733801/90009,030440
3733801/90010,030428
3733801/90011,030429
3733801/90012,030430
3733801/90013,030431
3733801/90014,030432
3733802/90001,030447
3733802/90002,030446
3733802/90003,030449
3733802/90004,030448
3733802/90005,030450
3733802/90006,030451
3733802/90007,030452
3733802/90008,030453
3733802/90009,030454
3733802/90010,030444
3733802/90011,030445
3733802/92201,030442
3733802/92601,030441
3733802/92602,030443
3733803/90001,030425
3733803/90002,030426
3733804/90001,030422
3733804/90002,030423
3733804/90003,030424
3733805/90001,030418
3733805/90002,030419
3733805/90003,030420
3733805/90004,030421
3733806/90101,030414
3733806/90102,030415
3733806/90201,030411
3733806/90202,030412
3733806/90203,030413
3733806/90301,030416
3733806/90401,030417
3733807/90001,030410
3734301/90001,030405
3734302/90001,030406
3734302/90002,030407
3734303/90001,030408
3734303/90002,030409
3733801/80101,030481
3733801/80102,030488
3733801/80103,030489
3733801/80401,030484
3733801/80402,030490
3733801/80403,030491
3733801/80501,030485
3733801/80502,030482
3733801/80901,031149
3733801/80902,031148
3733801/80903,031150
3733801/80904,031151
3733801/81401,030486
3733801/81402,030483
3733801/81801,030487
3733802/80101,030500
3733802/80102,030493
3733802/80301,030498
3733802/80501,030499
3733802/80801,030501
3733802/80802,030494
3733802/80901,030497
3733802/81501,030492
3733802/81502,030504
3733802/82201,030503
3733802/82601,030502
3733802/82602,030495
3733802/82603,030496
3733803/80101,030479
3733803/80102,030480
3733804/80101,030476
3733804/80201,030477
3733804/80301,030478
3733805/80101,030472
3733805/80102,030474
3733805/80201,030473
3733805/80202,030475
3733806/80101,030469
3733806/80102,030471
3733806/80201,030468
3733806/80202,030470
3733806/80301,030467
3733806/80401,030466
3733807/80201,030465
3734301/80201,030461
3734302/80101,030462
3734303/80101,030463
3734303/80102,030464
3733801/70101,030531
3733801/70102,030525
3733801/70103,030526
3733801/70104,030527
3733801/70401,030530
3733801/70402,030533
3733801/70403,030534
3733801/70404,030535
3733801/70501,030529
3733801/70502,030532
3733801/71401,030528
3733801/71801,030524
3733802/70101,030536
3733802/70301,030539
3733802/70501,030540
3733802/70801,030541
3733802/70901,030542
3733802/70902,030546
3733802/71501,030543
3733802/71502,030537
3733802/72201,030544
3733802/72601,030545
3733802/72602,030538
3733803/70101,030522
3733803/70102,030523
3733804/70101,030519
3733804/70201,030520
3733804/70301,030521
3733805/70101,030517
3733805/70102,030518
3733805/70201,030516
3733806/70101,030511
3733806/70102,030515
3733806/70201,030512
3733806/70301,030513
3733806/70401,030514
3733807/70201,030510
3734301/70101,030509
